region_as_printed,hemisphere,x,y,z,t
Superior temporal gyrus,R,58,-34,14,13.37
Superior temporal gyrus,R,60,-30,12,12.45
Superior temporal gyrus,L,-50,-30,4,11.67
Superior temporal gyrus,R,68,-20,10,11.41
Superior temporal gyrus,R,60,-20,4,10.37
Superior temporal gyrus,R,50,-10,2,10.13
Superior temporal gyrus,L,-44,-26,6,10.07
Superior temporal gyrus,L,-64,-22,4,9.91
Superior temporal gyrus,L,-56,-38,10,9.85
Superior temporal gyrus,L,-44,-36,10,9.46
Superior temporal gyrus,L,-64,-30,8,9.34
Superior temporal gyrus,L,-48,-16,2,8.83
Superior temporal gyrus,L,-58,-46,16,8.78
Superior temporal gyrus,L,-48,-38,12,8.61
Superior temporal gyrus,L,-68,-34,10,8.31
Superior temporal gyrus,R,50,-20,-2,8.2
Supramarginal gyrus,L,-62,-50,30,8.98
Inferior frontal gyrus (pars triangularis),R,52,22,14,8.32
Inferior frontal gyrus (pars triangularis),L,-32,30,2,8.24
Inferior frontal gyrus (pars triangularis),L,-42,18,6,8.23
Inferior frontal gyrus (pars triangularis),R,46,16,24,7.75
Inferior frontal gyrus (pars triangularis),L,-40,26,0,7.13
Fusiform gyrus,R,34,-50,-12,7.99
Fusiform gyrus,L,-34,-50,-14,7.56
Fusiform gyrus,L,-34,-54,-12,7.5
Fusiform gyrus,R,32,-64,-10,7.44
Fusiform gyrus,L,-38,-54,-14,7.42
Fusiform gyrus,R,30,-56,-10,6.87
Fusiform gyrus,L,-34,-60,-12,6.85
Insula,R,30,28,4,7.97
Insula,R,38,26,2,7.95
Insula,L,-30,18,-8,6.5
Inferior frontal gyrus (pars opercularis),R,48,14,26,7.8
SMA,R,10,20,50,7.14
SMA,R,16,12,60,5.1
SMA,L,-8,18,54,4.26
SMA,L,-6,22,50,4.07
SMA,R,10,14,70,3.99
Inferior occipital gyrus,L,-34,-70,-8,6.68
Inferior occipital gyrus,L,-38,-74,-8,6.35
Inferior occipital gyrus,L,-32,-82,-8,5.09
Calcarine sulcus (area 18),R,26,-54,6,5.73
Cerebellum,R,4,-36,-8,5.55
Precentral gyrus,L,-42,0,44,5.31
Precentral gyrus,L,-38,-2,38,4.61
Superior frontal gyrus,L,-16,10,68,5.31
Superior frontal gyrus,L,-12,14,54,4.51
Superior frontal gyrus,L,-14,12,58,4.49
Parahippocampal gyrus,R,18,-42,-8,5.27
Middle occipital gyrus,R,36,-88,6,4.95
Middle occipital gyrus,R,36,-84,14,4.34
Middle occipital gyrus,R,30,-90,5,4.23
Calcarine gyrus,L,-24,-64,8,4.88
Calcarine gyrus,L,-14,-72,12,4.86
Precuenus,R,16,-72,42,4.83
Thalamus,L,-2,-12,-4,4.71
Thalamus,R,8,-24,-2,4.2
Cuneus,L,-14,-74,36,4.55
Cuneus,R,20,-62,38,4.07
Superior occipital gyrus,L,-18,-78,26,4.55
Superior occipital gyrus,L,-16,-80,30,3.97
Superior medial gyrus,L,-8,22,42,4.33
Inferior temporal gyrus,R,44,-60,-10,4.17
