volume,tract,xml_label,assignment,r_with_older_release,dice_with_older_release
0,Anterior Commissure,Anterior Commissure,label confirmed: best match of the same tract in the older release,0.4587,0.2005
1,Arcuate Fasciculus L,Arcuate Fasciculus L,label confirmed: best match of the same tract in the older release,0.8795,0.6531
2,Arcuate Fasciculus R,Arcuate Fasciculus R,label confirmed: best match of the same tract in the older release,0.743,0.6484
3,Amygdalofugal Tract L,Amygdalofugal Tract L,tract absent from the older release; XML label kept,,
4,Amygdalofugal Tract R,Amygdalofugal Tract R,tract absent from the older release; XML label kept,,
5,Acoustic Radiation L,Acoustic Radiation L,label confirmed: best match of the same tract in the older release,0.9777,0.8246
6,Acoustic Radiation R,Acoustic Radiation R,label confirmed: best match of the same tract in the older release,0.9771,0.8347
7,Anterior Thalamic Radiation L,Anterior Thalamic Radiation L,label confirmed: best match of the same tract in the older release,0.9178,0.6668
8,Anterior Thalamic Radiation R,Anterior Thalamic Radiation R,label confirmed: best match of the same tract in the older release,0.9035,0.6638
9,Cingulum subsection: Dorsal L,Cingulum subsection: Dorsal L,label confirmed: best match of the same tract in the older release,0.9768,0.7822
10,Cingulum subsection: Dorsal R,Cingulum subsection: Dorsal R,label confirmed: best match of the same tract in the older release,0.9761,0.7691
11,Cingulum subsection: Peri-genual L,Cingulum subsection: Peri-genual L,label confirmed: best match of the same tract in the older release,0.9917,0.8917
12,Cingulum subsection: Peri-genual R,Cingulum subsection: Peri-genual R,label confirmed: best match of the same tract in the older release,0.9921,0.8998
13,Cingulum subsection: Temporal L,Cingulum subsection: Temporal L,label confirmed: best match of the same tract in the older release,0.975,0.8216
14,Cingulum subsection: Temporal R,Cingulum subsection: Temporal R,label confirmed: best match of the same tract in the older release,0.9737,0.8397
15,Corticospinal Tract L,Corticospinal Tract L,label confirmed: best match of the same tract in the older release,0.8556,0.6272
16,Corticospinal Tract R,Corticospinal Tract R,label confirmed: best match of the same tract in the older release,0.8724,0.6523
17,Extreme Capsule: Frontal L,Extreme Capsule: Frontal L,tract absent from the older release; XML label kept,,
18,Extreme Capsule: Frontal R,Extreme Capsule: Frontal R,tract absent from the older release; XML label kept,,
19,Extreme Capsule: Parietal L,Extreme Capsule: Parietal L,tract absent from the older release; XML label kept,,
20,Extreme Capsule: Parietal R,Extreme Capsule: Parietal R,tract absent from the older release; XML label kept,,
21,Extreme Capsule: Temporal L,Extreme Capsule: Temporal L,tract absent from the older release; XML label kept,,
22,Extreme Capsule: Temporal R,Extreme Capsule: Temporal R,tract absent from the older release; XML label kept,,
23,Frontal Aslant Tract L,Frontal Aslant Tract L,label confirmed: best match of the same tract in the older release,0.9725,0.7539
24,Frontal Aslant Tract R,Frontal Aslant Tract R,label confirmed: best match of the same tract in the older release,0.9723,0.7295
25,Forceps Major,Forceps Major,label confirmed: best match of the same tract in the older release,0.9569,0.7129
26,Forceps Minor,Forceps Minor,label confirmed: best match of the same tract in the older release,0.8163,0.4368
27,Fornix L,Fornix L,label confirmed: best match of the same tract in the older release,0.9833,0.8325
28,Fornix R,Fornix R,label confirmed: best match of the same tract in the older release,0.9833,0.8324
29,Inferior Longitudinal Fasciculus L,Inferior Fronto-Occipital Fasciculus L,label corrected: best match of this tract in the older release; XML says Inferior Fronto-Occipital Fasciculus L,0.9557,0.6502
30,Inferior Longitudinal Fasciculus R,Inferior Fronto-Occipital Fasciculus R,label corrected: best match of this tract in the older release; XML says Inferior Fronto-Occipital Fasciculus R,0.9438,0.6395
31,Inferior Fronto-Occipital Fasciculus L,Inferior Longitudinal Fasciculus L,label corrected: best match of this tract in the older release; XML says Inferior Longitudinal Fasciculus L,0.9415,0.6941
32,Inferior Fronto-Occipital Fasciculus R,Inferior Longitudinal Fasciculus R,label corrected: best match of this tract in the older release; XML says Inferior Longitudinal Fasciculus R,0.9399,0.684
33,Muratoff Bundle L,Muratoff Bundle L,tract absent from the older release; XML label kept,,
34,Muratoff Bundle R,Muratoff Bundle R,tract absent from the older release; XML label kept,,
35,Middle Cerebellar Peduncle,Middle Cerebellar Peduncle,label confirmed: best match of the same tract in the older release,0.9429,0.6921
36,Middle Longitudinal Fasciculus L,Middle Longitudinal Fasciculus L,label confirmed: best match of the same tract in the older release,0.9426,0.6693
37,Middle Longitudinal Fasciculus R,Middle Longitudinal Fasciculus R,label confirmed: best match of the same tract in the older release,0.9219,0.6719
38,Optic Radiation L,Optic Radiation L,label confirmed: best match of the same tract in the older release,0.9387,0.7168
39,Optic Radiation R,Optic Radiation R,label confirmed: best match of the same tract in the older release,0.9308,0.7024
40,Superior Thalamic Radiation L,Superior Longitudinal Fasciculus 1 L,label corrected: best match of this tract in the older release; XML says Superior Longitudinal Fasciculus 1 L,0.9393,0.7061
41,Superior Thalamic Radiation R,Superior Longitudinal Fasciculus 1 R,label corrected: best match of this tract in the older release; XML says Superior Longitudinal Fasciculus 1 R,0.9438,0.7033
42,Superior Longitudinal Fasciculus 1 L,Superior Longitudinal Fasciculus 2 L,label corrected: best match of this tract in the older release; XML says Superior Longitudinal Fasciculus 2 L,0.9752,0.7376
43,Superior Longitudinal Fasciculus 1 R,Superior Longitudinal Fasciculus 2 R,label corrected: best match of this tract in the older release; XML says Superior Longitudinal Fasciculus 2 R,0.9771,0.7359
44,Superior Longitudinal Fasciculus 2 L,Superior Longitudinal Fasciculus 3 L,label corrected: best match of this tract in the older release; XML says Superior Longitudinal Fasciculus 3 L,0.9847,0.7995
45,Superior Longitudinal Fasciculus 2 R,Superior Longitudinal Fasciculus 3 R,label corrected: best match of this tract in the older release; XML says Superior Longitudinal Fasciculus 3 R,0.9813,0.774
46,Superior Longitudinal Fasciculus 3 L,Superior Thalamic Radiation L,label corrected: best match of this tract in the older release; XML says Superior Thalamic Radiation L,0.9691,0.7132
47,Superior Longitudinal Fasciculus 3 R,Superior Thalamic Radiation R,label corrected: best match of this tract in the older release; XML says Superior Thalamic Radiation R,0.9718,0.6962
48,Striatal Bundle/External Capsule: Frontal L,Striatal Bundle/External Capsule: Frontal L,tract absent from the older release; XML label kept,,
49,Striatal Bundle/External Capsule: Frontal R,Striatal Bundle/External Capsule: Frontal R,tract absent from the older release; XML label kept,,
50,Striatal Bundle/External Capsule: Motor L,Striatal Bundle/External Capsule: Motor L,tract absent from the older release; XML label kept,,
51,Striatal Bundle/External Capsule: Motor R,Striatal Bundle/External Capsule: Motor R,tract absent from the older release; XML label kept,,
52,Striatal Bundle/External Capsule: Parietal L,Striatal Bundle/External Capsule: Parietal L,tract absent from the older release; XML label kept,,
53,Striatal Bundle/External Capsule: Parietal R,Striatal Bundle/External Capsule: Parietal R,tract absent from the older release; XML label kept,,
54,Striatal Bundle/External Capsule: Temporal L,Striatal Bundle/External Capsule: Temporal L,tract absent from the older release; XML label kept,,
55,Striatal Bundle/External Capsule: Temporal R,Striatal Bundle/External Capsule: Temporal R,tract absent from the older release; XML label kept,,
56,Uncinate Fasciculus L,Uncinate Fasciculus L,label confirmed: best match of the same tract in the older release,0.8526,0.6359
57,Uncinate Fasciculus R,Uncinate Fasciculus R,label confirmed: best match of the same tract in the older release,0.779,0.5711
58,Vertical Occipital Fasciculus L,Vertical Occipital Fasciculus L,label confirmed: best match of the same tract in the older release,0.9491,0.5984
59,Vertical Occipital Fasciculus R,Vertical Occipital Fasciculus R,label confirmed: best match of the same tract in the older release,0.9574,0.6354
